span_id,label,unsupported_claims,rationale
3baad9206ab65edd,partially_grounded,"The work orders listed are related to maintenance activities; I need to check if the fetched data contains relevant information; To answer your query, I will assume that the work orders listed are related to maintenance activities","The answer correctly identifies the available data and the dates of the work orders, but makes assumptions about the nature of the work orders that are not supported by the context."
69164c5106e7929c,grounded,,"The answer correctly states that the 'requested by' details are not available in the provided data and lists the available work orders with their IDs, equipment names, and start shift dates. All claims are supported by the context."
b4ba2d445dd496a1,partially_grounded,The work orders listed are assigned to Bhyravaswamy M,"The list of work orders is supported by the context, but the claim that these work orders are assigned to Bhyravaswamy M is not supported as the context does not provide assignee information."
1e6a9fcd2adf0f61,partially_grounded,there are no tasks assigned to you; the data has not been fetched correctly; you could try specifying the project or work order you are associated with; there are any other filters that might be restricting the data; Would you like to try rephrasing your query or adding more context,"The answer correctly states that there is no data available, which is supported by the empty context. However, it makes additional claims and suggestions that are not supported by the context."
0a21148803f888c3,grounded,,"The answer correctly states that there is no data available and provides a reasonable explanation and suggestion for refining the search, all of which are justified given the empty context."
70d899c5def4ce00,grounded,there are no breakdown records from March 2026 available; the filters applied might be too restrictive; checking if there are any breakdown records available for the year 2026 could refine the query; expanding the date range to include more months could refine the query; asking if there are any breakdown records available for March 2026 is an alternative,"The answer correctly states that no data was fetched, which is supported by the empty context. The rest of the claims are suggestions or inferences not directly supported by the context, but the primary claim about no data is correct, making the overall answer grounded."
6f75858edad05ff3,partially_grounded,the absence of work orders scheduled for today or the data not being fetched correctly,"The answer correctly states that there are no work orders for today and that the fetched data is empty, which is supported by the empty context. However, it speculates on the reasons for the empty data, which is not supported by the context."
7fd5dd973742d5f1,partially_grounded,there are no scheduled maintenance activities during this period; the relevant data is not available,"The answer correctly states that there are no upcoming PM schedules, which is supported by the empty context. However, it provides additional reasons that are not supported by the context, making it partially grounded."
680e4b2aaaf1b14e,grounded,,All factual claims in the answer are directly supported by the context or are appropriate responses given the context.
239c37bf84dff992,grounded,,"The answer correctly states that there is no data available and provides appropriate suggestions for refining the search, all of which are justified given the empty context."
df9c2659cdf579b2,grounded,the data is either not available or the filters applied might be too restrictive; Would you like to try a different date range or filter criteria?,"The answer correctly states that there are no completed work orders in the fetched data for the past 7 days, which is supported by the empty context. The other claims are inferences or suggestions not directly supported by the context."
55ea851f47d05b5f,partially_grounded,Total count of completed work orders is 43; The list includes 43 completed work orders,"The answer correctly lists the work orders and their status as 'Completed', but incorrectly states the total count of completed work orders as 43 when there are actually 50 entries in the context."
7e217635a1bf6982,grounded,,The answer accurately reflects the data provided in the context and clearly states the limitations of the data regarding the status of work orders.
89fe93d3c981a40b,partially_grounded,there are no scheduled work orders; the data for upcoming work orders is not available; checking the work order schedule for a specific equipment or facility could provide a more accurate result; asking for work orders within a specific date range could provide a more accurate result,"The answer correctly states that there are no work orders available for the next 7 days, which is supported by the empty context. However, it provides additional explanations and suggestions that are not supported by the context."
0babff52e03aca07,partially_grounded,the absence of work orders generated on 22-07-2026; the data not being available,"The answer correctly states that there are no work orders and the data is empty, which is supported by the empty context. However, it speculates about the date and data availability, which are not supported by the context."
67e99d7139e35d34,partially_grounded,"Work Order ID: PDHJ-WO014193, Equipment Name: Candle Filter CF-301B, Equipment Code: PDHJ-MCF10002, Date: 12-07-2026, Nature of Issue: Mechanical","The answer lists 22 breakdowns for July 2026, but one of the entries (PDHJ-WO014193) has a date (12-07-2026) that is outside the range of dates present in the context."
18a0084e174783e6,grounded,,"The answer correctly states that no data was found and provides a clarifying question, which is the appropriate behavior for an empty context."
2cf9d060ec571ba9,partially_grounded,"Here's the calibration data for the current month (July 2026):; Calibration ID: VIZ-CO010886, VIZ-CO010884, VIZ-CO010874, VIZ-CO010869, VIZ-CO010898, VIZ-CO010899, VIZ-CO010870, VIZ-CO010871, VIZ-CO010872, VIZ-CO010873, VIZ-CO010875, VIZ-CO010868, VIZ-CO010876, VIZ-CO010888, VIZ-CO010892, VIZ-CO010879, CKKD-CO012349, CKKD-CO012350, CKKD-CO012352, CKKD-CO012358, VIZ-CO010889, VIZ-CO010890, VIZ-CO010891, VIZ-CO010893, CKKD-CO012356, CKKD-CO012355, CKKD-CO012357, VIZ-CO010885, VIZ-CO010946, CKKD-CO012353, CKKD-CO012354, CKKD-CO012351, VIZ-CO010877, VIZ-CO010878, VIZ-CO010887, VIZ-CO010883, VIZ-CO010882, VIZ-CO010881, VIZ-CO010880, CKKD-CO012387, VIZ-CO010922, VIZ-CO010923, VIZ-CO010925, VIZ-CO010926, VIZ-CO010927, VIZ-CO010933, VIZ-CO010934, VIZ-CO010935, VIZ-CO010936, VIZ-CO010924","The answer correctly identifies that the available data is related to calibration, not repair, and that dates for calibrations are not available. However, it incorrectly states that the calibration data is for July 2026 and lists calibration IDs as if they were for the current month, which is not supported by the context."
2a1fa44384097760,partially_grounded,The current month is July 2026.,"The answer is mostly grounded in the provided context, listing work orders with relevant issue summaries. However, it assumes the current month is July 2026, which is not directly supported by the context."
8ac3bd0457c5cc68,grounded,,The answer accurately reflects the data provided in the context and correctly notes the absence of consumption dates. All factual claims are supported by the context.
d1cfbd1d65057c4a,partially_grounded,The next 6 months from the current date (22-07-2026) would be until 22-01-2027.,"The answer correctly lists instruments due for calibration within the available data dates (July 22-26, 2026), but the initial date range claim is unsupported as it references a date outside the context (January 22, 2027)."
a5addc2cd399dc54,partially_grounded,"Today's Date is 22-07-2026; To find work orders from the last 6 months, we look at work orders created on or after 22-01-2026","The answer is partially grounded because while it correctly identifies work orders from the last 6 months based on the provided data, it also includes unsupported claims about the current date and the date 6 months prior."
ca74b5c7f85dfa24,grounded,,"The answer accurately reflects the data provided in the context, lists the work orders with their equipment names and start shift dates, and correctly notes that the RCA status and financial year definition are not specified in the data. The answer is seeking clarification on these points, which is a valid response given the information available."
88aecedd407d372d,grounded,,The answer accurately reflects the limitations of the provided data and correctly lists the work orders and their statuses based on that data.
15474bbca7a0d434,grounded,,"The answer accurately reflects the context provided, stating that user information is not available and listing the work orders with their progress updates based on the given data."
879181c4c36812a9,partially_grounded,could you please specify the exact financial year you're referring to,"The claim about average breakdown time is supported by the context, but the request for specifying the financial year is not a factual claim and is considered unsupported as it is not directly verifiable from the context."
b578bed1ba0fa1a7,grounded,,All factual claims in the answer are directly supported by the context provided.
605876fb35f0bd7f,partially_grounded,"To get more accurate MTBF, we would need additional data such as total operational hours or more detailed breakdown information",The answer is partially grounded as it correctly extracts MTTR and MTBF values from the given context but also makes an unsupported claim about needing additional data for a more accurate MTBF.
753baa54df4bedd7,grounded,,"The answer directly matches the provided context, which states that the average time spent is 207.062."
c0a70ce531555d4d,partially_grounded,"1,058,790 seconds is equivalent to approximately 12.25 days","The answer correctly states the average completion time in seconds as given in the context, but the conversion to days is not supported by the context."
2c2cbab09da69ade,grounded,,"The answer directly matches the context provided, with 'avg' being 948743, which is the same as 9,48,743 when formatted with commas."
b674766ac5187504,grounded,,"The answer directly matches the count provided in the context, with a minor formatting difference (comma in the number)."
f50e09e465459946,grounded,,"The answer correctly states that the data is empty and provides a suitable explanation and suggestion for the user to rephrase their question or check filters, which is an appropriate response given the empty context."
82bae8a56ec214f7,grounded,,The answer directly matches the count provided in the context.
524270035e9610c5,grounded,,"The answer directly matches the count provided in the context, with only a formatting difference in the number (comma placement)."
77ea9e8c5af55bb4,partially_grounded,in the next 3 months,"The context supports the count of 5 instruments due for calibration, but does not provide information about the timeframe, making the 'next 3 months' claim unsupported."
eab879c61a582006,grounded,,Every factual claim in the answer is directly supported by the context provided.
c8775821e66e19f2,grounded,,The answer accurately reflects the information available in the context and correctly identifies the limitations of the data provided.
d429479d3f8f89d7,grounded,,"All factual claims in the answer are directly supported by the context, which lists 'Hot Work' as the only safety permit type and counts 11 occurrences."
019ec6f254a7a988,grounded,refining the query or checking for a different date range may yield results; Would you like to check for a specific date or filter criteria for the scheduled maintenance work orders,"The answer correctly states that the data is empty and there are no work orders to display, which is consistent with the empty context. The suggestions and follow-up question are not grounded but the primary factual claim is supported."
0b0941766a124560,grounded,,"The answer correctly states that there is no data available and asks clarifying questions, which is appropriate for an empty context."
963593673f797bff,partially_grounded,the data might be limited due to the filters applied or the requested data not being fully available,"The answer is partially grounded because most of the factual claims are supported by the context, but the claim about the data being limited due to filters is not directly verifiable from the provided context."
0d1abede6d9b4ae7,partially_grounded,there are no preventive maintenance work orders scheduled for today or in the future; the data has not been fetched correctly,"The answer correctly states that the data is empty, which is supported by the context. However, it makes additional claims about the reasons for the empty data, which are not supported by the context."
bdb0a6ff8f938246,grounded,,"The answer directly matches the count provided in the context, and the additional text is a clarifying question/filler, not a factual claim."
ae69c4fb90f30a0f,grounded,,"The answer accurately summarizes the counts of various calibration instrument types from the provided context. It correctly notes that the data does not specify the status of these instruments, which is why it cannot directly answer the question about open calibration orders. The claims made are directly supported by the context."
8a903870f6c5b44a,grounded,,"The answer accurately lists all calibration orders from May 2026 as per the provided context, with all factual claims supported by the data."
6118e1cdeb8edde7,partially_grounded,The financial year 26-27 starts on 01-04-2026 and ends on 31-03-2027.; All the calibration orders listed have calibration dates between 01-01-2026 and 31-03-2027.,"The answer lists calibration orders based on the provided context, but makes assumptions about the financial year dates and the range of calibration dates that are not fully supported by the context."
0030d3d5bb335a36,grounded,,"The context is empty, and the answer correctly states that no data was found and offers alternatives, which is the expected behavior for a no-data case."
7906b9f98ee3d73d,grounded,,"The answer correctly states that there is no data available and provides appropriate suggestions for next steps, all of which are justified given the empty context."
3e7e80e4bdfb2dbf,grounded,,"The answer correctly states that there is no data and asks for clarification, which is the appropriate response given the empty context."
eb1d701dd6dc5840,partially_grounded,"To get the breakdown occurrences for the past financial year, you may want to refine your query to include a specific date range or filter the data based on the date","The answer correctly summarizes the total breakdown count and the top 5 equipment with the most breakdowns based on the provided context. However, it also suggests refining the query to include a specific date range, which is not supported by the context and is considered an unsupported claim."
2ebb09a16dbd5df0,grounded,,"All factual claims in the answer are directly supported by the provided context. The calculations for the breakdown counts are correct based on the given data, and the limitations of the data are accurately acknowledged."
